Workbook

Sheet Controle
A1: Data | B1: Mês | C1: Área | D1: Equipamento | E1: Relatório necessário? | F1: Responsável | G1: Atividade | H1: Programado | I1: Executado | J1: Diferença | K1: % Execução | L1: Status | M1: Observação | N1: Data Conclusão | O1: Motivo Desvio | P1: Relatório emitido?
A2: 46251 | B2: =IF(A2="","",PROPER(TEXT(A2,"mmmm"))) -> Agosto | C2: MARIMEX | E2: =IF(C2="","",IFERROR(VLOOKUP(C2,Clientes!$C$2:$D$1000,2,FALSE),"Não definido")) -> Não | F2: Galacho / Muller | G2: Manutenção preventiva de 1.500 horas | H2: 8 | I2: 8 | J2: =I2-H2 -> 0 | K2: =IF(H2="","",IFERROR(I2/H2,0)) -> 1 | L2: =IF(A73="","",IF(OR(I73="",I73=0),"Não executado",IF(K73>=1,"Concluído",IF(K73>=0.8,"Parcial","Não executado")))) -> Concluído
A3: 46251 | B3: =IF(A3="","",PROPER(TEXT(A3,"mmmm"))) -> Agosto | C3: TRANSBRASA | E3: =IF(C3="","",IFERROR(VLOOKUP(C3,Clientes!$C$2:$D$1000,2,FALSE),"Não definido")) -> Sim | F3: Davi / Danilson | G3: Manutenção preditiva de 750 horas | H3: 8 | I3: 8 | J3: =I3-H3 -> 0 | K3: =IF(H3="","",IFERROR(I3/H3,0)) -> 1 | L3: =IF(A3="","",IF(K3>=1,"Concluído",IF(K3>=0.8,"Parcial","Não executado"))) -> Concluído
A4: 46252 | B4: =IF(A4="","",PROPER(TEXT(A4,"mmmm"))) -> Agosto | C4: DINAMO ALEMOA | E4: =IF(C4="","",IFERROR(VLOOKUP(C4,Clientes!$C$2:$D$1000,2,FALSE),"Não definido")) -> Sim | F4: Gabriel / Muller | G4: Manutenção preventiva de 17.250 – Frota 03 | H4: 8 | I4: 8 | J4: =I4-H4 -> 0 | K4: =IF(H4="","",IFERROR(I4/H4,0)) -> 1 | L4: =IF(A4="","",IF(K4>=1,"Concluído",IF(K4>=0.8,"Parcial","Não executado"))) -> Concluído
A5: 46252 | B5: =IF(A5="","",PROPER(TEXT(A5,"mmmm"))) -> Agosto | C5: DELLA VOLPE | E5: =IF(C5="","",IFERROR(VLOOKUP(C5,Clientes!$C$2:$D$1000,2,FALSE),"Não definido")) -> Sim | F5: Davi / Leandro | G5: Manutenção preventiva de 10.000 horas | H5: 8 | I5: 8 | J5: =I5-H5 -> 0 | K5: =IF(H5="","",IFERROR(I5/H5,0)) -> 1 | L5: =IF(A5="","",IF(K5>=1,"Concluído",IF(K5>=0.8,"Parcial","Não executado"))) -> Concluído
A6: 46252 | B6: =IF(A6="","",PROPER(TEXT(A6,"mmmm"))) -> Agosto | C6: CGM LOGÍSTICA | E6: =IF(C6="","",IFERROR(VLOOKUP(C6,Clientes!$C$2:$D$1000,2,FALSE),"Não definido")) -> Sim | F6: joao / Danilson | G6: Manutenção preditiva de 3.750 horas | H6: 8 | I6: 8 | J6: =I6-H6 -> 0 | K6: =IF(H6="","",IFERROR(I6/H6,0)) -> 1 | L6: =IF(A6="","",IF(K6>=1,"Concluído",IF(K6>=0.8,"Parcial","Não executado"))) -> Concluído
A7: 46253 | B7: =IF(A7="","",PROPER(TEXT(A7,"mmmm"))) -> Agosto | C7: DINAMO ANCHIETA | E7: =IF(C7="","",IFERROR(VLOOKUP(C7,Clientes!$C$2:$D$1000,2,FALSE),"Não definido")) -> Sim | F7: Davi / Muller | G7: Inspeções de rotina | H7: 8 | I7: 8 | J7: =I7-H7 -> 0 | K7: =IF(H7="","",IFERROR(I7/H7,0)) -> 1 | L7: =IF(A7="","",IF(K7>=1,"Concluído",IF(K7>=0.8,"Parcial","Não executado"))) -> Concluído
A8: 46253 | B8: =IF(A8="","",PROPER(TEXT(A8,"mmmm"))) -> Agosto | C8: ISIS PÁTIO 01 | E8: =IF(C8="","",IFERROR(VLOOKUP(C8,Clientes!$C$2:$D$1000,2,FALSE),"Não definido")) -> Sim | F8: Galacho | G8: Montagem do motor QSM11 Frota 08 | H8: 8 | I8: 0 | J8: =I8-H8 -> -8 | K8: =IF(H8="","",IFERROR(I8/H8,0)) -> 0 | L8: =IF(A8="","",IF(K8>=1,"Concluído",IF(K8>=0.8,"Parcial","Não executado"))) -> Não executado | O8: Precisou levantar lança
A9: 46253 | B9: =IF(A9="","",PROPER(TEXT(A9,"mmmm"))) -> Agosto | C9: ISIS PÁTIO 02 | E9: =IF(C9="","",IFERROR(VLOOKUP(C9,Clientes!$C$2:$D$1000,2,FALSE),"Não definido")) -> Sim | F9: Carlos | G9: Avaliar a trinca da lança Frota 03, inspecionar na Porto Brasil o serviço do diferencial | H9: 8 | I9: 8 | J9: =I9-H9 -> 0 | K9: =IF(H9="","",IFERROR(I9/H9,0)) -> 1 | L9: =IF(A9="","",IF(K9>=1,"Concluído",IF(K9>=0.8,"Parcial","Não executado"))) -> Concluído
A10: 46253 | B10: =IF(A10="","",PROPER(TEXT(A10,"mmmm"))) -> Agosto | C10: EQUIPORT | E10: =IF(C10="","",IFERROR(VLOOKUP(C10,Clientes!$C$2:$D$1000,2,FALSE),"Não definido")) -> Não | F10: Pereira / Danilson | G10: Efetuar a reparação nos chicotes da transmissão e do chassi | H10: 8 | I10: 0 | J10: =I10-H10 -> -8 | K10: =IF(H10="","",IFERROR(I10/H10,0)) -> 0 | L10: =IF(A10="","",IF(K10>=1,"Concluído",IF(K10>=0.8,"Parcial","Não executado"))) -> Não executado | O10: Emergencia marimex
A11: 46253 | B11: =IF(A11="","",PROPER(TEXT(A11,"mmmm"))) -> Agosto | C11: EQUIPORT | E11: =IF(C11="","",IFERROR(VLOOKUP(C11,Clientes!$C$2:$D$1000,2,FALSE),"Não definido")) -> Não | F11: Leandro / Matheus | G11: Efetuar a limpeza dos aros de roda para fazer ensaios | H11: 8 | I11: 8 | J11: =I11-H11 -> 0 | K11: =IF(H11="","",IFERROR(I11/H11,0)) -> 1 | L11: =IF(A11="","",IF(K11>=1,"Concluído",IF(K11>=0.8,"Parcial","Não executado"))) -> Concluído
A12: 46253 | B12: =IF(A12="","",PROPER(TEXT(A12,"mmmm"))) -> Agosto | C12: EQUIPORT | E12: =IF(C12="","",IFERROR(VLOOKUP(C12,Clientes!$C$2:$D$1000,2,FALSE),"Não definido")) -> Não | F12: João Mauricio / Gabriel | G12: Sacar bucha danificada da lança móvel, avaliar mangueiras do chassi sem retirar, separação das peças do chassi e lança | H12: 8 | I12: 8 | J12: =I12-H12 -> 0 | K12: =IF(H12="","",IFERROR(I12/H12,0)) -> 1 | L12: =IF(A12="","",IF(K12>=1,"Concluído",IF(K12>=0.8,"Parcial","Não executado"))) -> Concluído | M12: Falta separação das peças do chassi e lança
A13: 46253 | B13: =IF(A13="","",PROPER(TEXT(A13,"mmmm"))) -> Agosto | C13: EQUIPORT | E13: =IF(C13="","",IFERROR(VLOOKUP(C13,Clientes!$C$2:$D$1000,2,FALSE),"Não definido")) -> Não | F13: Arthur | G13: Fazer lista de peças faltante e danificada | H13: 8 | I13: 8 | J13: =I13-H13 -> 0 | K13: =IF(H13="","",IFERROR(I13/H13,0)) -> 1 | L13: =IF(A13="","",IF(K13>=1,"Concluído",IF(K13>=0.8,"Parcial","Não executado"))) -> Concluído
A14: 46254 | B14: =IF(A14="","",PROPER(TEXT(A14,"mmmm"))) -> Agosto | C14: CRAGEA | E14: =IF(C14="","",IFERROR(VLOOKUP(C14,Clientes!$C$2:$D$1000,2,FALSE),"Não definido")) -> Sim | F14: Pereira / Muller | G14: Manutenção preventiva de 5.000 horas | H14: 8 | I14: 8 | J14: =I14-H14 -> 0 | K14: =IF(H14="","",IFERROR(I14/H14,0)) -> 1 | L14: =IF(A14="","",IF(K14>=1,"Concluído",IF(K14>=0.8,"Parcial","Não executado"))) -> Concluído
A15: 46254 | B15: =IF(A15="","",PROPER(TEXT(A15,"mmmm"))) -> Agosto | C15: TRANSBRASA | E15: =IF(C15="","",IFERROR(VLOOKUP(C15,Clientes!$C$2:$D$1000,2,FALSE),"Não definido")) -> Sim | F15: Davi / Leandro | G15: Manutenção preditiva de 1.250 horas KC1 | H15: 8 | I15: 8 | J15: =I15-H15 -> 0 | K15: =IF(H15="","",IFERROR(I15/H15,0)) -> 1 | L15: =IF(A15="","",IF(K15>=1,"Concluído",IF(K15>=0.8,"Parcial","Não executado"))) -> Concluído
A16: 46254 | B16: =IF(A16="","",PROPER(TEXT(A16,"mmmm"))) -> Agosto | C16: MARIMEX | E16: =IF(C16="","",IFERROR(VLOOKUP(C16,Clientes!$C$2:$D$1000,2,FALSE),"Não definido")) -> Não | F16: Gabriel / Danilson | G16: Manutenção preventiva de 150 horas E-404 | H16: 8 | I16: 8 | J16: =I16-H16 -> 0 | K16: =IF(H16="","",IFERROR(I16/H16,0)) -> 1 | L16: =IF(A16="","",IF(K16>=1,"Concluído",IF(K16>=0.8,"Parcial","Não executado"))) -> Concluído
A17: 46254 | B17: =IF(A17="","",PROPER(TEXT(A17,"mmmm"))) -> Agosto | C17: ISIS PÁTIO 01 | E17: =IF(C17="","",IFERROR(VLOOKUP(C17,Clientes!$C$2:$D$1000,2,FALSE),"Não definido")) -> Sim | F17: Galacho | G17: Montagem do motor QSM11 Frota 08 | H17: 8 | I17: 8 | J17: =I17-H17 -> 0 | K17: =IF(H17="","",IFERROR(I17/H17,0)) -> 1 | L17: =IF(A17="","",IF(K17>=1,"Concluído",IF(K17>=0.8,"Parcial","Não executado"))) -> Concluído | N17: 46255
A18: 46254 | B18: =IF(A18="","",PROPER(TEXT(A18,"mmmm"))) -> Agosto | C18: EQUIPORT | E18: =IF(C18="","",IFERROR(VLOOKUP(C18,Clientes!$C$2:$D$1000,2,FALSE),"Não definido")) -> Não | F18: Carlos / Matheus | G18: Alterar a posição que está calçado o equipamento EQP007 | H18: 8 | I18: 8 | J18: =I18-H18 -> 0 | K18: =IF(H18="","",IFERROR(I18/H18,0)) -> 1 | L18: =IF(A18="","",IF(K18>=1,"Concluído",IF(K18>=0.8,"Parcial","Não executado"))) -> Concluído
A19: 46254 | B19: =IF(A19="","",PROPER(TEXT(A19,"mmmm"))) -> Agosto | C19: EQUIPORT | E19: =IF(C19="","",IFERROR(VLOOKUP(C19,Clientes!$C$2:$D$1000,2,FALSE),"Não definido")) -> Não | F19: Arthur | G19: Fazer lista de peças faltante e danificada | H19: 8 | I19: 8 | J19: =I19-H19 -> 0 | K19: =IF(H19="","",IFERROR(I19/H19,0)) -> 1 | L19: =IF(A19="","",IF(K19>=1,"Concluído",IF(K19>=0.8,"Parcial","Não executado"))) -> Concluído
A20: 46255 | B20: =IF(A20="","",PROPER(TEXT(A20,"mmmm"))) -> Agosto | C20: ISIS PÁTIO 01 | E20: =IF(C20="","",IFERROR(VLOOKUP(C20,Clientes!$C$2:$D$1000,2,FALSE),"Não definido")) -> Sim | F20: Galacho | G20: Montagem do motor QSM11 Frota 08 | H20: 8 | I20: 8 | J20: =I20-H20 -> 0 | K20: =IF(H20="","",IFERROR(I20/H20,0)) -> 1 | L20: =IF(A20="","",IF(K20>=1,"Concluído",IF(K20>=0.8,"Parcial","Não executado"))) -> Concluído
A21: 46255 | B21: =IF(A21="","",PROPER(TEXT(A21,"mmmm"))) -> Agosto | C21: TRANSBRASA | E21: =IF(C21="","",IFERROR(VLOOKUP(C21,Clientes!$C$2:$D$1000,2,FALSE),"Não definido")) -> Sim | F21: Davi / Leandro | G21: Manutenção preditiva de 1.250 horas – KC3 | H21: 8 | I21: 8 | J21: =I21-H21 -> 0 | K21: =IF(H21="","",IFERROR(I21/H21,0)) -> 1 | L21: =IF(A21="","",IF(K21>=1,"Concluído",IF(K21>=0.8,"Parcial","Não executado"))) -> Concluído
A22: 46255 | B22: =IF(A22="","",PROPER(TEXT(A22,"mmmm"))) -> Agosto | C22: MARIMEX | E22: =IF(C22="","",IFERROR(VLOOKUP(C22,Clientes!$C$2:$D$1000,2,FALSE),"Não definido")) -> Não | F22: Gabriel / Danilson | G22: Manutenção preventiva de 150 horas – E-405 | H22: 8 | I22: 8 | J22: =I22-H22 -> 0 | K22: =IF(H22="","",IFERROR(I22/H22,0)) -> 1 | L22: =IF(A22="","",IF(K22>=1,"Concluído",IF(K22>=0.8,"Parcial","Não executado"))) -> Concluído
A23: 46255 | B23: =IF(A23="","",PROPER(TEXT(A23,"mmmm"))) -> Agosto | C23: EQUIPORT | E23: =IF(C23="","",IFERROR(VLOOKUP(C23,Clientes!$C$2:$D$1000,2,FALSE),"Não definido")) -> Não | F23: Carlos | G23: Analisar o mecanismo do anti-tombamento, se houver necessidade já substituir | H23: 8 | I23: 8 | J23: =I23-H23 -> 0 | K23: =IF(H23="","",IFERROR(I23/H23,0)) -> 1 | L23: =IF(A23="","",IF(K23>=1,"Concluído",IF(K23>=0.8,"Parcial","Não executado"))) -> Concluído | O23: Atendimento Transtec
A24: 46255 | B24: =IF(A24="","",PROPER(TEXT(A24,"mmmm"))) -> Agosto | C24: EQUIPORT | E24: =IF(C24="","",IFERROR(VLOOKUP(C24,Clientes!$C$2:$D$1000,2,FALSE),"Não definido")) -> Não | F24: João Mauricio | G24: Verificar escapamento danificado, reparar com as peças compradas e algumas peças que veio da Granport | H24: 8 | I24: 8 | J24: =I24-H24 -> 0 | K24: =IF(H24="","",IFERROR(I24/H24,0)) -> 1 | L24: =IF(A24="","",IF(K24>=1,"Concluído",IF(K24>=0.8,"Parcial","Não executado"))) -> Concluído
A25: 46255 | B25: =IF(A25="","",PROPER(TEXT(A25,"mmmm"))) -> Agosto | C25: EQUIPORT | E25: =IF(C25="","",IFERROR(VLOOKUP(C25,Clientes!$C$2:$D$1000,2,FALSE),"Não definido")) -> Não | F25: Arthur / Matheus | G25: Fixação dos tubos e calhas do chassi | H25: 8 | I25: 0 | J25: =I25-H25 -> -8 | K25: =IF(H25="","",IFERROR(I25/H25,0)) -> 0 | L25: =IF(A25="","",IF(K25>=1,"Concluído",IF(K25>=0.8,"Parcial","Não executado"))) -> Não executado | M25: Realizado a remoção das rotulas do link e limpeza. | O25: Falta abraçadeiras, parafusos e porca
A26: 46255 | B26: =IF(A26="","",PROPER(TEXT(A26,"mmmm"))) -> Agosto | C26: EQUIPORT | E26: =IF(C26="","",IFERROR(VLOOKUP(C26,Clientes!$C$2:$D$1000,2,FALSE),"Não definido")) -> Não | F26: Pereira / Muller | G26: Dar continuação nos serviços de reparação nos chicotes da transmissão e do chassi, revisão da chave geral e contatora | H26: 8 | I26: 8 | J26: =I26-H26 -> 0 | K26: =IF(H26="","",IFERROR(I26/H26,0)) -> 1 | L26: =IF(A26="","",IF(K26>=1,"Concluído",IF(K26>=0.8,"Parcial","Não executado"))) -> Concluído
A27: 46256 | B27: =IF(A27="","",PROPER(TEXT(A27,"mmmm"))) -> Agosto | C27: ISIS PÁTIO 01 | E27: =IF(C27="","",IFERROR(VLOOKUP(C27,Clientes!$C$2:$D$1000,2,FALSE),"Não definido")) -> Sim | F27: Galacho | G27: Montagem do motor QSM11 Frota 08 | H27: 8 | I27: 8 | J27: =I27-H27 -> 0 | K27: =IF(H27="","",IFERROR(I27/H27,0)) -> 1 | L27: =IF(A27="","",IF(K27>=1,"Concluído",IF(K27>=0.8,"Parcial","Atrasado"))) -> Concluído
A28: 46256 | B28: =IF(A28="","",PROPER(TEXT(A28,"mmmm"))) -> Agosto | C28: DP WORLD | E28: =IF(C28="","",IFERROR(VLOOKUP(C28,Clientes!$C$2:$D$1000,2,FALSE),"Não definido")) -> Não | F28: Davi / Leandro | G28: Inspeções e lavagens dos equipamentos | H28: 8 | I28: 8 | J28: =I28-H28 -> 0 | K28: =IF(H28="","",IFERROR(I28/H28,0)) -> 1 | L28: =IF(A28="","",IF(K28>=1,"Concluído",IF(K28>=0.8,"Parcial","Atrasado"))) -> Concluído
A29: 46257 | B29: =IF(A29="","",PROPER(TEXT(A29,"mmmm"))) -> Agosto | C29: LSL TRANSPORTES | E29: =IF(C29="","",IFERROR(VLOOKUP(C29,Clientes!$C$2:$D$1000,2,FALSE),"Não definido")) -> Sim | F29: Galacho | G29: Limpeza do tanque ARLA | H29: 8 | I29: 8 | J29: =I29-H29 -> 0 | K29: =IF(H29="","",IFERROR(I29/H29,0)) -> 1 | L29: =IF(A29="","",IF(K29>=1,"Concluído",IF(K29>=0.8,"Parcial","Atrasado"))) -> Concluído
A30: 46258 | B30: =IF(A30="","",PROPER(TEXT(A30,"mmmm"))) -> Agosto | C30: ISIS PÁTIO 01 | E30: =IF(C30="","",IFERROR(VLOOKUP(C30,Clientes!$C$2:$D$1000,2,FALSE),"Não definido")) -> Sim | F30: Galacho | G30: Montagem do motor QSM11 Frota 08 | H30: 8 | I30: 0 | J30: =I30-H30 -> -8 | K30: =IF(H30="","",IFERROR(I30/H30,0)) -> 0 | L30: =IF(A30="","",IF(K30>=1,"Concluído",IF(K30>=0.8,"Parcial","Não executado"))) -> Não executado | O30: Falta de material (parafusos )
A31: 46258 | B31: =IF(A31="","",PROPER(TEXT(A31,"mmmm"))) -> Agosto | C31: EQUIPORT | E31: =IF(C31="","",IFERROR(VLOOKUP(C31,Clientes!$C$2:$D$1000,2,FALSE),"Não definido")) -> Não | F31: Arthur / Gabriel | G31: Continuação, fixação dos tubos e calhas do chassi, substituição das rótulas dos links de direção, analisar o mecanismo do anti-tombamento, se houver necessidade já substituir | H31: 8 | I31: 0 | J31: =I31-H31 -> -8 | K31: =IF(H31="","",IFERROR(I31/H31,0)) -> 0 | L31: =IF(A31="","",IF(K31>=1,"Concluído",IF(K31>=0.8,"Parcial","Não executado"))) -> Não executado | O31: Link não bate as especificação tecnica.
A32: 46258 | B32: =IF(A32="","",PROPER(TEXT(A32,"mmmm"))) -> Agosto | C32: EQUIPORT | E32: =IF(C32="","",IFERROR(VLOOKUP(C32,Clientes!$C$2:$D$1000,2,FALSE),"Não definido")) -> Não | F32: João Mauricio / Danilson | G32: Continuação, reparar escapamento danificado | H32: 8 | I32: 8 | J32: =I32-H32 -> 0 | K32: =IF(H32="","",IFERROR(I32/H32,0)) -> 1 | L32: =IF(A32="","",IF(K32>=1,"Concluído",IF(K32>=0.8,"Parcial","Não executado"))) -> Concluído
A33: 46258 | B33: =IF(A33="","",PROPER(TEXT(A33,"mmmm"))) -> Agosto | C33: EQUIPORT | E33: =IF(C33="","",IFERROR(VLOOKUP(C33,Clientes!$C$2:$D$1000,2,FALSE),"Não definido")) -> Não | F33: Carlos | G33: Verificar junto com o Flavio os serviços a serem realizados nessa semana na EQP007 | H33: 8 | I33: 8 | J33: =I33-H33 -> 0 | K33: =IF(H33="","",IFERROR(I33/H33,0)) -> 1 | L33: =IF(A33="","",IF(K33>=1,"Concluído",IF(K33>=0.8,"Parcial","Não executado"))) -> Concluído
A34: 46259 | B34: =IF(A34="","",PROPER(TEXT(A34,"mmmm"))) -> Agosto | C34: CESARI | E34: =IF(C34="","",IFERROR(VLOOKUP(C34,Clientes!$C$2:$D$1000,2,FALSE),"Não definido")) -> Não | F34: Leandro | G34: Manutenção preventiva de 500 horas Empilhadeira Elétrica KONECRANES | H34: 8 | I34: 8 | J34: =I34-H34 -> 0 | K34: =IF(H34="","",IFERROR(I34/H34,0)) -> 1 | L34: =IF(A34="","",IF(K34>=1,"Concluído",IF(K34>=0.8,"Parcial","Não executado"))) -> Concluído
A35: 46259 | B35: =IF(A35="","",PROPER(TEXT(A35,"mmmm"))) -> Agosto | C35: MOVECTA ITAJÁI | E35: =IF(C35="","",IFERROR(VLOOKUP(C35,Clientes!$C$2:$D$1000,2,FALSE),"Não definido")) -> Sim | F35: Pereira | G35: (Manutenção preventiva de 1.500 horas | H35: 8 | I35: 8 | J35: =I35-H35 -> 0 | K35: =IF(H35="","",IFERROR(I35/H35,0)) -> 1 | L35: =IF(A35="","",IF(K35>=1,"Concluído",IF(K35>=0.8,"Parcial","Não executado"))) -> Concluído
A36: 46259 | B36: =IF(A36="","",PROPER(TEXT(A36,"mmmm"))) -> Agosto | C36: S. MAGALHÃES | E36: =IF(C36="","",IFERROR(VLOOKUP(C36,Clientes!$C$2:$D$1000,2,FALSE),"Não definido")) -> Sim | F36: Carlos | G36: Verificar as pressões hidráulica – problema na bomba hidráulica | H36: 8 | I36: 8 | J36: =I36-H36 -> 0 | K36: =IF(H36="","",IFERROR(I36/H36,0)) -> 1 | L36: =IF(A36="","",IF(K36>=1,"Concluído",IF(K36>=0.8,"Parcial","Não executado"))) -> Concluído
A37: 46259 | B37: =IF(A37="","",PROPER(TEXT(A37,"mmmm"))) -> Agosto | C37: DINAMO ANCHIETA | E37: =IF(C37="","",IFERROR(VLOOKUP(C37,Clientes!$C$2:$D$1000,2,FALSE),"Não definido")) -> Sim | F37: Arthur / Galacho | G37: Substituir o cilindro de telescopagem Frota 02 | H37: 8 | I37: 8 | J37: =I37-H37 -> 0 | K37: =IF(H37="","",IFERROR(I37/H37,0)) -> 1 | L37: =IF(A37="","",IF(K37>=1,"Concluído",IF(K37>=0.8,"Parcial","Não executado"))) -> Concluído
A38: 46259 | B38: =IF(A38="","",PROPER(TEXT(A38,"mmmm"))) -> Agosto | C38: TRANSBRASA | E38: =IF(C38="","",IFERROR(VLOOKUP(C38,Clientes!$C$2:$D$1000,2,FALSE),"Não definido")) -> Sim | F38: Davi / Muller | G38: Inspeções de rotina nas 03 máquinas | H38: 4 | I38: 4 | J38: =I38-H38 -> 0 | K38: =IF(H38="","",IFERROR(I38/H38,0)) -> 1 | L38: =IF(A38="","",IF(K38>=1,"Concluído",IF(K38>=0.8,"Parcial","Não executado"))) -> Concluído
A39: 46259 | B39: =IF(A39="","",PROPER(TEXT(A39,"mmmm"))) -> Agosto | C39: DINAMO ALEMOA | E39: =IF(C39="","",IFERROR(VLOOKUP(C39,Clientes!$C$2:$D$1000,2,FALSE),"Não definido")) -> Sim | F39: Davi / Muller | G39: Instalar peças aprovadas – tampa do tanque de expansão e sensor de 0 a 25 bar da transmissão | H39: 4 | I39: 4 | J39: =I39-H39 -> 0 | K39: =IF(H39="","",IFERROR(I39/H39,0)) -> 1 | L39: =IF(A39="","",IF(K39>=1,"Concluído",IF(K39>=0.8,"Parcial","Não executado"))) -> Concluído
A40: 46259 | B40: =IF(A40="","",PROPER(TEXT(A40,"mmmm"))) -> Agosto | C40: EQUIPORT | E40: =IF(C40="","",IFERROR(VLOOKUP(C40,Clientes!$C$2:$D$1000,2,FALSE),"Não definido")) -> Não | F40: Décio / João Mauricio | G40: Continuação, reparar escapamento danificado, com as peças compradas e algumas peças que veio da Granpor | H40: 8 | I40: 8 | J40: =I40-H40 -> 0 | K40: =IF(H40="","",IFERROR(I40/H40,0)) -> 1 | L40: =IF(A40="","",IF(K40>=1,"Concluído",IF(K40>=0.8,"Parcial","Não executado"))) -> Concluído
A41: 46259 | B41: =IF(A41="","",PROPER(TEXT(A41,"mmmm"))) -> Agosto | C41: EQUIPORT | E41: =IF(C41="","",IFERROR(VLOOKUP(C41,Clientes!$C$2:$D$1000,2,FALSE),"Não definido")) -> Não | F41: Gabriel / Danilson / Matheus | G41: Limpeza dos chicotes elétricos | H41: 8 | I41: 8 | J41: =I41-H41 -> 0 | K41: =IF(H41="","",IFERROR(I41/H41,0)) -> 1 | L41: =IF(A41="","",IF(K41>=1,"Concluído",IF(K41>=0.8,"Parcial","Não executado"))) -> Concluído
A42: 46260 | B42: =IF(A42="","",PROPER(TEXT(A42,"mmmm"))) -> Agosto | C42: MOVECTA ITAJÁI | E42: =IF(C42="","",IFERROR(VLOOKUP(C42,Clientes!$C$2:$D$1000,2,FALSE),"Não definido")) -> Sim | F42: Pereira | G42: (Manutenção preventiva de 1.500 horas | H42: 8 | I42: 8 | J42: =I42-H42 -> 0 | K42: =IF(H42="","",IFERROR(I42/H42,0)) -> 1 | L42: =IF(A42="","",IF(K42>=1,"Concluído",IF(K42>=0.8,"Parcial","Não executado"))) -> Concluído
A43: 46260 | B43: =IF(A43="","",PROPER(TEXT(A43,"mmmm"))) -> Agosto | C43: NELCAR | E43: =IF(C43="","",IFERROR(VLOOKUP(C43,Clientes!$C$2:$D$1000,2,FALSE),"Não definido")) -> Sim | F43: Davi / Danilson | G43: Manutenção preventiva de 1.500 horas + verificar o vazamento no redutor de giro e fazer testes | H43: 8 | I43: 8 | J43: =I43-H43 -> 0 | K43: =IF(H43="","",IFERROR(I43/H43,0)) -> 1 | L43: =IF(A43="","",IF(K43>=1,"Concluído",IF(K43>=0.8,"Parcial","Não executado"))) -> Concluído
... A57: 46262 | B57: =IF(A57="","",PROPER(TEXT(A57,"mmmm"))) -> Agosto | C57: EQUIPORT | E57: =IF(C57="","",IFERROR(VLOOKUP(C57,Clientes!$C$2:$D$1000,2,FALSE),"Não definido")) -> Não | F57: Galacho/Dèrcio | G57: Movimentação de materiais, equipamentos e peças + Lavagem do chassi EQP07 | H57: 8 | I57: 8 | J57: =I57-H57 -> 0 | K57: =IF(H57="","",IFERROR(I57/H57,0)) -> 1 | L57: =IF(A57="","",IF(K57>=1,"Concluído",IF(K57>=0.8,"Parcial","Não executado"))) -> Concluído
A58: 46262 | B58: =IF(A58="","",PROPER(TEXT(A58,"mmmm"))) -> Agosto | C58: EQUIPORT | E58: =IF(C58="","",IFERROR(VLOOKUP(C58,Clientes!$C$2:$D$1000,2,FALSE),"Não definido")) -> Não | F58: Davi/Carlos | G58: Reparar e montar 02 bombas 105 e L.s + 5s | H58: 8 | I58: 0 | J58: =I58-H58 -> -8 | K58: =IF(H58="","",IFERROR(I58/H58,0)) -> 0 | L58: =IF(A58="","",IF(K58>=1,"Concluído",IF(K58>=0.8,"Parcial","Não executado"))) -> Não executado | O58: Atendimento DW e Nelcar
A59: 46262 | B59: =IF(A59="","",PROPER(TEXT(A59,"mmmm"))) -> Agosto | C59: EQUIPORT | E59: =IF(C59="","",IFERROR(VLOOKUP(C59,Clientes!$C$2:$D$1000,2,FALSE),"Não definido")) -> Não | F59: Leandro/Matheus | G59: Lavagem da cabine que se encontra avariada + empapelamento+ lavar carro09 | H59: 8 | I59: 8 | J59: =I59-H59 -> 0 | K59: =IF(H59="","",IFERROR(I59/H59,0)) -> 1 | L59: =IF(A59="","",IF(K59>=1,"Concluído",IF(K59>=0.8,"Parcial","Não executado"))) -> Concluído
A60: 46262 | B60: =IF(A60="","",PROPER(TEXT(A60,"mmmm"))) -> Agosto | C60: EQUIPORT | E60: =IF(C60="","",IFERROR(VLOOKUP(C60,Clientes!$C$2:$D$1000,2,FALSE),"Não definido")) -> Não | F60: Pereira | G60: Revisar e montar chicote da cabine EQP07 | H60: 8 | I60: 0 | J60: =I60-H60 -> -8 | K60: =IF(H60="","",IFERROR(I60/H60,0)) -> 0 | L60: =IF(A60="","",IF(K60>=1,"Concluído",IF(K60>=0.8,"Parcial","Não executado"))) -> Não executado | O60: Atendimento cesari
A61: 46263 | B61: =IF(A61="","",PROPER(TEXT(A61,"mmmm"))) -> Agosto | C61: AURORA TERMINAIS | D61: 176530 | E61: =IF(C61="","",IFERROR(VLOOKUP(C61,Clientes!$C$2:$D$1000,2,FALSE),"Não definido")) -> Sim | F61: Carlos / Danilson | G61: Manutenção preventiva de 9.500 horas + verificar sistema de freio estacionário | H61: 8 | I61: 8 | J61: =I61-H61 -> 0 | K61: =IF(H61="","",IFERROR(I61/H61,0)) -> 1 | L61: =IF(A61="","",IF(K61>=1,"Concluído",IF(K61>=0.8,"Parcial","Não executado"))) -> Concluído | P61: Sim
A62: 46263 | B62: =IF(A62="","",PROPER(TEXT(A62,"mmmm"))) -> Agosto | C62: MARIMEX | E62: =IF(C62="","",IFERROR(VLOOKUP(C62,Clientes!$C$2:$D$1000,2,FALSE),"Não definido")) -> Não | F62: Pereira | G62: Verificar sistema do ar-condicionado E-405 não está gelando | H62: 8 | I62: 8 | J62: =I62-H62 -> 0 | K62: =IF(H62="","",IFERROR(I62/H62,0)) -> 1 | L62: =IF(A62="","",IF(K62>=1,"Concluído",IF(K62>=0.8,"Parcial","Não executado"))) -> Concluído
A63: 46265 | B63: =IF(A63="","",PROPER(TEXT(A63,"mmmm"))) -> Agosto | C63: NYK | E63: =IF(C63="","",IFERROR(VLOOKUP(C63,Clientes!$C$2:$D$1000,2,FALSE),"Não definido")) -> Sim | F63: Carlos / Muller | G63: Retirar o cilindro da quinta roda do Terberg | H63: 8 | I63: 8 | J63: =I63-H63 -> 0 | K63: =IF(H63="","",IFERROR(I63/H63,0)) -> 1 | L63: =IF(A63="","",IF(K63>=1,"Concluído",IF(K63>=0.8,"Parcial","Não executado"))) -> Concluído
A64: 46265 | B64: =IF(A64="","",PROPER(TEXT(A64,"mmmm"))) -> Agosto | C64: EQUIPORT | D64: EQP07 | E64: =IF(C64="","",IFERROR(VLOOKUP(C64,Clientes!$C$2:$D$1000,2,FALSE),"Não definido")) -> Não | F64: Pereira / Davi | G64: Revisar e montar chicote da cabine | H64: 8 | I64: 8 | J64: =I64-H64 -> 0 | K64: =IF(H64="","",IFERROR(I64/H64,0)) -> 1 | L64: =IF(A64="","",IF(K64>=1,"Concluído",IF(K64>=0.8,"Parcial","Não executado"))) -> Concluído
A65: 46265 | B65: =IF(A65="","",PROPER(TEXT(A65,"mmmm"))) -> Agosto | C65: EQUIPORT | D65: EQP07 | E65: =IF(C65="","",IFERROR(VLOOKUP(C65,Clientes!$C$2:$D$1000,2,FALSE),"Não definido")) -> Não | F65: João Mauricio | G65: Fazer documentação de viagem + esvaziar a Strada FVS8G25 e levar na oficina | H65: 8 | I65: 8 | J65: =I65-H65 -> 0 | K65: =IF(H65="","",IFERROR(I65/H65,0)) -> 1 | L65: =IF(A65="","",IF(K65>=1,"Concluído",IF(K65>=0.8,"Parcial","Não executado"))) -> Concluído
A66: 46265 | B66: =IF(A66="","",PROPER(TEXT(A66,"mmmm"))) -> Agosto | C66: EQUIPORT | D66: EQP07 | E66: =IF(C66="","",IFERROR(VLOOKUP(C66,Clientes!$C$2:$D$1000,2,FALSE),"Não definido")) -> Não | F66: Arthur / Matheus | G66: Efetuar a desmontagem das calhas da esteira da lança, preparando para pintura | H66: 8 | I66: 8 | J66: =I66-H66 -> 0 | K66: =IF(H66="","",IFERROR(I66/H66,0)) -> 1 | L66: =IF(A66="","",IF(K66>=1,"Concluído",IF(K66>=0.8,"Parcial","Não executado"))) -> Concluído
A67: 46265 | B67: =IF(A67="","",PROPER(TEXT(A67,"mmmm"))) -> Agosto | C67: EQUIPORT | D67: EQP07 | E67: =IF(C67="","",IFERROR(VLOOKUP(C67,Clientes!$C$2:$D$1000,2,FALSE),"Não definido")) -> Não | F67: Galacho / Danilson | G67: Efetuar a instalação dos bicos injetores + regulagem de válvulas e troca da junta da tampa de válvulas | H67: 8 | I67: 8 | J67: =I67-H67 -> 0 | K67: =IF(H67="","",IFERROR(I67/H67,0)) -> 1 | L67: =IF(A67="","",IF(K67>=1,"Concluído",IF(K67>=0.8,"Parcial","Não executado"))) -> Concluído
A68: 46265 | B68: =IF(A68="","",PROPER(TEXT(A68,"mmmm"))) -> Agosto | C68: EQUIPORT | D68: EQP07 | E68: =IF(C68="","",IFERROR(VLOOKUP(C68,Clientes!$C$2:$D$1000,2,FALSE),"Não definido")) -> Não | F68: Gabriel / Leandro | G68: Efetuar a lavagem geral do chassi, removendo os respingos de soldas | H68: 8 | I68: 8 | J68: =I68-H68 -> 0 | K68: =IF(H68="","",IFERROR(I68/H68,0)) -> 1 | L68: =IF(A68="","",IF(K68>=1,"Concluído",IF(K68>=0.8,"Parcial","Não executado"))) -> Concluído
A69: 46266 | B69: =IF(A69="","",PROPER(TEXT(A69,"mmmm"))) -> Setembro | C69: AURORA TERMINAIS | D69: 176530 | E69: =IF(C69="","",IFERROR(VLOOKUP(C69,Clientes!$C$2:$D$1000,2,FALSE),"Não definido")) -> Sim | F69: Carlos | G69: Manutenção corretiva, sistema de freio “levar acumuladores de freio | H69: 8 | I69: 8 | J69: =I69-H69 -> 0 | K69: =IF(H69="","",IFERROR(I69/H69,0)) -> 1 | L69: =IF(A69="","",IF(K69>=1,"Concluído",IF(K69>=0.8,"Parcial","Não executado"))) -> Concluído | P69: Sim
A70: 46266 | B70: =IF(A70="","",PROPER(TEXT(A70,"mmmm"))) -> Setembro | C70: TRANSBRASA | E70: =IF(C70="","",IFERROR(VLOOKUP(C70,Clientes!$C$2:$D$1000,2,FALSE),"Não definido")) -> Sim | F70: Gabriel / Muller | G70: (Manutenção preventiva de 1.000 horas KC-2 | H70: 8 | I70: 8 | J70: =I70-H70 -> 0 | K70: =IF(H70="","",IFERROR(I70/H70,0)) -> 1 | L70: =IF(A70="","",IF(K70>=1,"Concluído",IF(K70>=0.8,"Parcial","Não executado"))) -> Concluído
A71: 46266 | B71: =IF(A71="","",PROPER(TEXT(A71,"mmmm"))) -> Setembro | C71: MOVECTA GUARUJÁ | D71: 10001890633 | E71: =IF(C71="","",IFERROR(VLOOKUP(C71,Clientes!$C$2:$D$1000,2,FALSE),"Não definido")) -> Sim | F71: João Mauricio / Danilson | G71: Manutenção preventiva de 1.500 horas | H71: 8 | I71: 8 | J71: =I71-H71 -> 0 | K71: =IF(H71="","",IFERROR(I71/H71,0)) -> 1 | L71: =IF(A71="","",IF(K71>=1,"Concluído",IF(K71>=0.8,"Parcial","Não executado"))) -> Concluído
A72: 46266 | B72: =IF(A72="","",PROPER(TEXT(A72,"mmmm"))) -> Setembro | C72: EQUIPORT | D72: EQP07 | E72: =IF(C72="","",IFERROR(VLOOKUP(C72,Clientes!$C$2:$D$1000,2,FALSE),"Não definido")) -> Não | F72: Pereira / Dav | G72: Revisar e montar chicote da cabine | H72: 8 | I72: 8 | J72: =I72-H72 -> 0 | K72: =IF(H72="","",IFERROR(I72/H72,0)) -> 1 | L72: =IF(A72="","",IF(K72>=1,"Concluído",IF(K72>=0.8,"Parcial","Não executado"))) -> Concluído
A73: 46266 | B73: =IF(A73="","",PROPER(TEXT(A73,"mmmm"))) -> Setembro | C73: EQUIPORT | D73: EQP07 | E73: =IF(C73="","",IFERROR(VLOOKUP(C73,Clientes!$C$2:$D$1000,2,FALSE),"Não definido")) -> Não | F73: Galacho / Matheus | G73: Efetuar a montagem do LS90 + limpeza do chassi | H73: 8 | I73: 8 | J73: =I73-H73 -> 0 | K73: =IF(H73="","",IFERROR(I73/H73,0)) -> 1 | L73: =IF(A73="","",IF(K73>=1,"Concluído",IF(K73>=0.8,"Parcial","Não executado"))) -> Concluído
A74: 46267 | B74: =IF(A74="","",PROPER(TEXT(A74,"mmmm"))) -> Setembro | C74: MOVECTA GUARUJÁ | D74: 10001880548 | E74: =IF(C74="","",IFERROR(VLOOKUP(C74,Clientes!$C$2:$D$1000,2,FALSE),"Não definido")) -> Sim | F74: João Mauricio / Galacho | G74: Manutenção preventiva de 1.500 horas | H74: 8 | I74: 8 | J74: =I74-H74 -> 0 | K74: =IF(H74="","",IFERROR(I74/H74,0)) -> 1 | L74: =IF(A74="","",IF(K74>=1,"Concluído",IF(K74>=0.8,"Parcial","Não executado"))) -> Concluído
A75: 46267 | B75: =IF(A75="","",PROPER(TEXT(A75,"mmmm"))) -> Setembro | C75: EQUIPORT | D75: EQP07 | E75: =IF(C75="","",IFERROR(VLOOKUP(C75,Clientes!$C$2:$D$1000,2,FALSE),"Não definido")) -> Não | F75: Pereira | G75: Revisar e montar chicote da cabine e acessórios | H75: 8 | I75: 8 | J75: =I75-H75 -> 0 | K75: =IF(H75="","",IFERROR(I75/H75,0)) -> 1 | L75: =IF(A75="","",IF(K75>=1,"Concluído",IF(K75>=0.8,"Parcial","Não executado"))) -> Concluído
A76: 46267 | B76: =IF(A76="","",PROPER(TEXT(A76,"mmmm"))) -> Setembro | C76: EQUIPORT | D76: EQP07 | E76: =IF(C76="","",IFERROR(VLOOKUP(C76,Clientes!$C$2:$D$1000,2,FALSE),"Não definido")) -> Não | F76: Gabriel / Matheus | G76: Efetuar a montagem do LS90 + retirar mancal da lança LE | H76: 8 | I76: 8 | J76: =I76-H76 -> 0 | K76: =IF(H76="","",IFERROR(I76/H76,0)) -> 1 | L76: =IF(A76="","",IF(K76>=1,"Concluído",IF(K76>=0.8,"Parcial","Não executado"))) -> Concluído
A77: 46267 | B77: =IF(A77="","",PROPER(TEXT(A77,"mmmm"))) -> Setembro | C77: EQUIPORT | D77: EQP07 | E77: =IF(C77="","",IFERROR(VLOOKUP(C77,Clientes!$C$2:$D$1000,2,FALSE),"Não definido")) -> Não | F77: Davi / Danilson | G77: Desmontar a condensadora e efetuar a peritagem, filtro secador e limpeza da evaporadora | H77: 8 | I77: 8 | J77: =I77-H77 -> 0 | K77: =IF(H77="","",IFERROR(I77/H77,0)) -> 1 | L77: =IF(A77="","",IF(K77>=1,"Concluído",IF(K77>=0.8,"Parcial","Não executado"))) -> Concluído
A78: 46267 | B78: =IF(A78="","",PROPER(TEXT(A78,"mmmm"))) -> Setembro | C78: EQUIPORT | D78: EQP07 | E78: =IF(C78="","",IFERROR(VLOOKUP(C78,Clientes!$C$2:$D$1000,2,FALSE),"Não definido")) -> Não | F78: Carlos / Muller | G78: Efetuar avaliação das bombas recondicionadas para envio de reparação + visita no Platini para acompanhar os serviços | H78: 8 | I78: 8 | J78: =I78-H78 -> 0 | K78: =IF(H78="","",IFERROR(I78/H78,0)) -> 1 | L78: =IF(A78="","",IF(K78>=1,"Concluído",IF(K78>=0.8,"Parcial","Não executado"))) -> Concluído
A79: 46268 | B79: =IF(A79="","",PROPER(TEXT(A79,"mmmm"))) -> Setembro | C79: TRANSTEC | E79: =IF(C79="","",IFERROR(VLOOKUP(C79,Clientes!$C$2:$D$1000,2,FALSE),"Não definido")) -> Sim | F79: Davi / Muller | G79: Manutenção preventiva de 1.500 horas | H79: 8 | I79: 0 | J79: =I79-H79 -> -8 | K79: =IF(H79="","",IFERROR(I79/H79,0)) -> 0 | L79: =IF(A79="","",IF(K79>=1,"Concluído",IF(K79>=0.8,"Parcial","Não executado"))) -> Não executado | M79: Foram fazer inspeçao DINAMO alemoa e CGM | O79: O cliente cancelou a preventiva
A80: 46268 | B80: =IF(A80="","",PROPER(TEXT(A80,"mmmm"))) -> Setembro | C80: SANTOS BRASIL | E80: =IF(C80="","",IFERROR(VLOOKUP(C80,Clientes!$C$2:$D$1000,2,FALSE),"Não definido")) -> Sim | F80: Carlos | G80: Retirar as amostras de óleos – TERBERG | H80: 8 | I80: 8 | J80: =I80-H80 -> 0 | K80: =IF(H80="","",IFERROR(I80/H80,0)) -> 1 | L80: =IF(A80="","",IF(K80>=1,"Concluído",IF(K80>=0.8,"Parcial","Não executado"))) -> Concluído
A81: 46268 | B81: =IF(A81="","",PROPER(TEXT(A81,"mmmm"))) -> Setembro | C81: EQUIPORT | D81: EQP07 | E81: =IF(C81="","",IFERROR(VLOOKUP(C81,Clientes!$C$2:$D$1000,2,FALSE),"Não definido")) -> Não | F81: Pereira | G81: Revisar e montar chicote da cabine e acessórios | H81: 8 | I81: 8 | J81: =I81-H81 -> 0 | K81: =IF(H81="","",IFERROR(I81/H81,0)) -> 1 | L81: =IF(A81="","",IF(K81>=1,"Concluído",IF(K81>=0.8,"Parcial","Não executado"))) -> Concluído
A82: 46268 | B82: =IF(A82="","",PROPER(TEXT(A82,"mmmm"))) -> Setembro | C82: EQUIPORT | D82: EQP07 | E82: =IF(C82="","",IFERROR(VLOOKUP(C82,Clientes!$C$2:$D$1000,2,FALSE),"Não definido")) -> Não | F82: Galacho / Matheus | G82: Efetuar a retirada das bombas hidráulicas do equipamento para a bancada | H82: 8 | I82: 8 | J82: =I82-H82 -> 0 | K82: =IF(H82="","",IFERROR(I82/H82,0)) -> 1 | L82: =IF(A82="","",IF(K82>=1,"Concluído",IF(K82>=0.8,"Parcial","Não executado"))) -> Concluído
A83: 46268 | B83: =IF(A83="","",PROPER(TEXT(A83,"mmmm"))) -> Setembro | C83: EQUIPORT | D83: EQP07 | E83: =IF(C83="","",IFERROR(VLOOKUP(C83,Clientes!$C$2:$D$1000,2,FALSE),"Não definido")) -> Não | F83: João Mauricio | G83: Retornar o óleo hidráulico para o equipamento, utilizar a bomba comprada para fazermos os testes + abastecer o IBC com o óleo hidráulico | H83: 8 | I83: 8 | J83: =I83-H83 -> 0 | K83: =IF(H83="","",IFERROR(I83/H83,0)) -> 1 | L83: =IF(A83="","",IF(K83>=1,"Concluído",IF(K83>=0.8,"Parcial","Não executado"))) -> Concluído
A84: 46268 | B84: =IF(A84="","",PROPER(TEXT(A84,"mmmm"))) -> Setembro | C84: EQUIPORT | D84: EQP07 | E84: =IF(C84="","",IFERROR(VLOOKUP(C84,Clientes!$C$2:$D$1000,2,FALSE),"Não definido")) -> Não | F84: Danilson | G84: Desmontar a condensadora e efetuar a peritagem e filtro secador + revisar as mangueiras) | H84: 8 | I84: 8 | J84: =I84-H84 -> 0 | K84: =IF(H84="","",IFERROR(I84/H84,0)) -> 1 | L84: =IF(A84="","",IF(K84>=1,"Concluído",IF(K84>=0.8,"Parcial","Não executado"))) -> Concluído
A85: 46268 | B85: =IF(A85="","",PROPER(TEXT(A85,"mmmm"))) -> Setembro | C85: EQUIPORT | D85: EQP07 | E85: =IF(C85="","",IFERROR(VLOOKUP(C85,Clientes!$C$2:$D$1000,2,FALSE),"Não definido")) -> Não | F85: Gabriel | G85: Fazer ensaio LP do mancal traseiro da lança, caso não tenha trinca, realizar a montagem | H85: 8 | I85: 8 | J85: =I85-H85 -> 0 | K85: =IF(H85="","",IFERROR(I85/H85,0)) -> 1 | L85: =IF(A85="","",IF(K85>=1,"Concluído",IF(K85>=0.8,"Parcial","Não executado"))) -> Concluído
A86: 46268 | B86: =IF(A86="","",PROPER(TEXT(A86,"mmmm"))) -> Setembro | C86: EQUIPORT | D86: EQP07 | E86: =IF(C86="","",IFERROR(VLOOKUP(C86,Clientes!$C$2:$D$1000,2,FALSE),"Não definido")) -> Não | F86: Leandro | G86: preparar o eixo da balança “oficina externo” + preparar o eixo da manga da balança “oficina interna” + fazer 5S na oficina | H86: 4 | I86: 4 | J86: =I86-H86 -> 0 | K86: =IF(H86="","",IFERROR(I86/H86,0)) -> 1 | L86: =IF(A86="","",IF(K86>=1,"Concluído",IF(K86>=0.8,"Parcial","Não executado"))) -> Concluído
A87: 46268 | B87: =IF(A87="","",PROPER(TEXT(A87,"mmmm"))) -> Setembro | C87: TRANSTEC | E87: =IF(C87="","",IFERROR(VLOOKUP(C87,Clientes!$C$2:$D$1000,2,FALSE),"Não definido")) -> Sim | F87: Leandro | G87: Realizar atendimento na Transtec “vazamento pela conexão” | H87: 4 | I87: 4 | J87: =I87-H87 -> 0 | K87: =IF(H87="","",IFERROR(I87/H87,0)) -> 1 | L87: =IF(A87="","",IF(K87>=1,"Concluído",IF(K87>=0.8,"Parcial","Não executado"))) -> Concluído
A88: 46269 | B88: =IF(A88="","",PROPER(TEXT(A88,"mmmm"))) -> Setembro | C88: TRANSTEC | E88: =IF(C88="","",IFERROR(VLOOKUP(C88,Clientes!$C$2:$D$1000,2,FALSE),"Não definido")) -> Sim | F88: Davi / Muller | G88: Manutenção preventiva de 1.500 horas | H88: 8 | I88: 8 | J88: =I88-H88 -> 0 | K88: =IF(H88="","",IFERROR(I88/H88,0)) -> 1 | L88: =IF(A88="","",IF(K88>=1,"Concluído",IF(K88>=0.8,"Parcial","Não executado"))) -> Concluído
A89: 46269 | B89: =IF(A89="","",PROPER(TEXT(A89,"mmmm"))) -> Setembro | C89: TRANSBRASA | E89: =IF(C89="","",IFERROR(VLOOKUP(C89,Clientes!$C$2:$D$1000,2,FALSE),"Não definido")) -> Sim | F89: Gabriel / Danilson | G89: Manutenção preventiva de 1.500 horas | H89: 8 | I89: 8 | J89: =I89-H89 -> 0 | K89: =IF(H89="","",IFERROR(I89/H89,0)) -> 1 | L89: =IF(A89="","",IF(K89>=1,"Concluído",IF(K89>=0.8,"Parcial","Não executado"))) -> Concluído
A90: 46269 | B90: =IF(A90="","",PROPER(TEXT(A90,"mmmm"))) -> Setembro | C90: MARIMEX | E90: =IF(C90="","",IFERROR(VLOOKUP(C90,Clientes!$C$2:$D$1000,2,FALSE),"Não definido")) -> Não | F90: Galacho / Matheus | G90: Manutenção preventiva de 1.000 horas | H90: 8 | I90: 8 | J90: =I90-H90 -> 0 | K90: =IF(H90="","",IFERROR(I90/H90,0)) -> 1 | L90: =IF(A90="","",IF(K90>=1,"Concluído",IF(K90>=0.8,"Parcial","Não executado"))) -> Concluído
A91: 46269 | B91: =IF(A91="","",PROPER(TEXT(A91,"mmmm"))) -> Setembro | C91: EQUIPORT | D91: EQP07 | E91: =IF(C91="","",IFERROR(VLOOKUP(C91,Clientes!$C$2:$D$1000,2,FALSE),"Não definido")) -> Não | F91: Pereira | G91: Montagem dos acessórios de dentro da cabine | H91: 8 | I91: 8 | J91: =I91-H91 -> 0 | K91: =IF(H91="","",IFERROR(I91/H91,0)) -> 1 | L91: =IF(A91="","",IF(K91>=1,"Concluído",IF(K91>=0.8,"Parcial","Não executado"))) -> Concluído
A92: 46269 | B92: =IF(A92="","",PROPER(TEXT(A92,"mmmm"))) -> Setembro | C92: EQUIPORT | D92: EQP07 | E92: =IF(C92="","",IFERROR(VLOOKUP(C92,Clientes!$C$2:$D$1000,2,FALSE),"Não definido")) -> Não | F92: Décio / João Mauricio | G92: Realizar a montagem do mancal da lança | H92: 8 | I92: 8 | J92: =I92-H92 -> 0 | K92: =IF(H92="","",IFERROR(I92/H92,0)) -> 1 | L92: =IF(A92="","",IF(K92>=1,"Concluído",IF(K92>=0.8,"Parcial","Não executado"))) -> Concluído
A93: 46269 | B93: =IF(A93="","",PROPER(TEXT(A93,"mmmm"))) -> Setembro | C93: EQUIPORT | D93: EQP07 | E93: =IF(C93="","",IFERROR(VLOOKUP(C93,Clientes!$C$2:$D$1000,2,FALSE),"Não definido")) -> Não | F93: Carlos | G93: Desmontagem e peritagem das bombas hidráulicas | H93: 8 | I93: 8 | J93: =I93-H93 -> 0 | K93: =IF(H93="","",IFERROR(I93/H93,0)) -> 1 | L93: =IF(A93="","",IF(K93>=1,"Concluído",IF(K93>=0.8,"Parcial","Não executado"))) -> Concluído
A94: 46274 | B94: =IF(A94="","",PROPER(TEXT(A94,"mmmm"))) -> Setembro | C94: MARIMEX | E94: =IF(C94="","",IFERROR(VLOOKUP(C94,Clientes!$C$2:$D$1000,2,FALSE),"Não definido")) -> Não | F94: Gabriel / Danilson | G94: Manutenção preventiva de 2.000 horas | H94: 8 | I94: 8 | J94: =I94-H94 -> 0 | K94: =IF(H94="","",IFERROR(I94/H94,0)) -> 1 | L94: =IF(A73="","",IF(OR(I73="",I73=0),"Não executado",IF(K73>=1,"Concluído",IF(K73>=0.8,"Parcial","Não executado")))) -> Concluído
A95: 46274 | B95: =IF(A95="","",PROPER(TEXT(A95,"mmmm"))) -> Setembro | C95: EQUIPORT | D95: EQP07 | E95: =IF(C95="","",IFERROR(VLOOKUP(C95,Clientes!$C$2:$D$1000,2,FALSE),"Não definido")) -> Não | F95: Pereira | G95: Montagem dos acessórios de dentro da cabine | H95: 8 | I95: 8 | J95: =I95-H95 -> 0 | K95: =IF(H95="","",IFERROR(I95/H95,0)) -> 1 | L95: =IF(A73="","",IF(K73="","Não executado",IF(K73>=1,"Concluído",IF(K73>=0.8,"Parcial","Não executado")))) -> Concluído
A96: 46274 | B96: =IF(A96="","",PROPER(TEXT(A96,"mmmm"))) -> Setembro | C96: EQUIPORT | D96: EQP07 | E96: =IF(C96="","",IFERROR(VLOOKUP(C96,Clientes!$C$2:$D$1000,2,FALSE),"Não definido")) -> Não | F96: Galacho / Muller | G96: Montar o cubo de roda | H96: 8 | I96: 8 | J96: =I96-H96 -> 0 | K96: =IF(H96="","",IFERROR(I96/H96,0)) -> 1 | L96: =IF(A96="","",IF(K96>=1,"Concluído",IF(K96>=0.8,"Parcial","Não executado"))) -> Concluído
A97: 46274 | B97: =IF(A97="","",PROPER(TEXT(A97,"mmmm"))) -> Setembro | C97: EQUIPORT | D97: EQP07 | E97: =IF(C97="","",IFERROR(VLOOKUP(C97,Clientes!$C$2:$D$1000,2,FALSE),"Não definido")) -> Não | F97: Carlos | G97: Peritagem e montagem das bombas hidráulicas | H97: 8 | I97: 8 | J97: =I97-H97 -> 0 | K97: =IF(H97="","",IFERROR(I97/H97,0)) -> 1 | L97: =IF(A97="","",IF(K97>=1,"Concluído",IF(K97>=0.8,"Parcial","Não executado"))) -> Concluído
A98: 46274 | B98: =IF(A98="","",PROPER(TEXT(A98,"mmmm"))) -> Setembro | C98: EQUIPORT | D98: EQP07 | E98: =IF(C98="","",IFERROR(VLOOKUP(C98,Clientes!$C$2:$D$1000,2,FALSE),"Não definido")) -> Não | F98: João Mauricio / Matheus | G98: Preparação da lança fixa para pintura | H98: 8 | I98: 0 | J98: =I98-H98 -> -8 | K98: =IF(H98="","",IFERROR(I98/H98,0)) -> 0 | L98: =IF(A98="","",IF(K98>=1,"Concluído",IF(K98>=0.8,"Parcial","Não executado"))) -> Não executado | O98: Choveu bastante
A99: 46275 | B99: =IF(A99="","",PROPER(TEXT(A99,"mmmm"))) -> Setembro | C99: MARIMEX | E99: =IF(C99="","",IFERROR(VLOOKUP(C99,Clientes!$C$2:$D$1000,2,FALSE),"Não definido")) -> Não | F99: Gabriel / Danilson | G99: Continuação Manutenção preventiva de 2.000 horas | H99: 8 | I99: 8 | J99: =I99-H99 -> 0 | K99: =IF(H99="","",IFERROR(I99/H99,0)) -> 1 | L99: =IF(A99="","",IF(K99>=1,"Concluído",IF(K99>=0.8,"Parcial","Não executado"))) -> Concluído
A100: 46275 | B100: =IF(A100="","",PROPER(TEXT(A100,"mmmm"))) -> Setembro | C100: EQUIPORT | D100: EQP07 | E100: =IF(C100="","",IFERROR(VLOOKUP(C100,Clientes!$C$2:$D$1000,2,FALSE),"Não definido")) -> Não | F100: Pereira | G100: Montagem dos acessórios de dentro da cabine | H100: 8 | I100: 8 | J100: =I100-H100 -> 0 | K100: =IF(H100="","",IFERROR(I100/H100,0)) -> 1 | L100: =IF(A100="","",IF(K100>=1,"Concluído",IF(K100>=0.8,"Parcial","Não executado"))) -> Concluído
A101: 46275 | B101: =IF(A101="","",PROPER(TEXT(A101,"mmmm"))) -> Setembro | C101: EQUIPORT | D101: EQP07 | E101: =IF(C101="","",IFERROR(VLOOKUP(C101,Clientes!$C$2:$D$1000,2,FALSE),"Não definido")) -> Não | F101: Carlos | G101: Finalizar montagem das bombas hidráulicas | H101: 4 | I101: 4 | J101: =I101-H101 -> 0 | K101: =IF(H101="","",IFERROR(I101/H101,0)) -> 1 | L101: =IF(A101="","",IF(K101>=1,"Concluído",IF(K101>=0.8,"Parcial","Não executado"))) -> Concluído
A102: 46275 | B102: =IF(A102="","",PROPER(TEXT(A102,"mmmm"))) -> Setembro | C102: EQUIPORT | D102: EQP07 | E102: =IF(C102="","",IFERROR(VLOOKUP(C102,Clientes!$C$2:$D$1000,2,FALSE),"Não definido")) -> Não | F102: Galacho / Muller | G102: Montagem das bombas hidráulicas no equipamento EQP007 | H102: 4 | I102: 4 | J102: =I102-H102 -> 0 | K102: =IF(H102="","",IFERROR(I102/H102,0)) -> 1 | L102: =IF(A102="","",IF(K102>=1,"Concluído",IF(K102>=0.8,"Parcial","Não executado"))) -> Concluído
A103: 46275 | B103: =IF(A103="","",PROPER(TEXT(A103,"mmmm"))) -> Setembro | C103: EQUIPORT | D103: EQP07 | E103: =IF(C103="","",IFERROR(VLOOKUP(C103,Clientes!$C$2:$D$1000,2,FALSE),"Não definido")) -> Não | F103: Davi / Matheus | G103: retirada dos lubrificantes para a preventiva da EQP003 + fazer 5S no almoxarifado externo | H103: 8 | I103: 8 | J103: =I103-H103 -> 0 | K103: =IF(H103="","",IFERROR(I103/H103,0)) -> 1 | L103: =IF(A103="","",IF(K103>=1,"Concluído",IF(K103>=0.8,"Parcial","Não executado"))) -> Concluído
A104: 46276 | B104: =IF(A104="","",PROPER(TEXT(A104,"mmmm"))) -> Setembro | C104: MARIMEX | E104: =IF(C104="","",IFERROR(VLOOKUP(C104,Clientes!$C$2:$D$1000,2,FALSE),"Não definido")) -> Não | F104: Flavio / Gabriel | G104: Substituir os módulos do spreader “garantia” E-402 | H104: 8 | I104: 8 | J104: =I104-H104 -> 0 | K104: =IF(H104="","",IFERROR(I104/H104,0)) -> 1 | L104: =IF(A104="","",IF(K104>=1,"Concluído",IF(K104>=0.8,"Parcial","Não executado"))) -> Concluído
A105: 46276 | B105: =IF(A105="","",PROPER(TEXT(A105,"mmmm"))) -> Setembro | C105: MARIMEX | E105: =IF(C105="","",IFERROR(VLOOKUP(C105,Clientes!$C$2:$D$1000,2,FALSE),"Não definido")) -> Não | F105: Carlos / Gabriel | G105: Substituir os módulos do spreader “garantia” E-403 | H105: 8 | I105: 8 | J105: =I105-H105 -> 0 | K105: =IF(H105="","",IFERROR(I105/H105,0)) -> 1 | L105: =IF(A105="","",IF(K105>=1,"Concluído",IF(K105>=0.8,"Parcial","Não executado"))) -> Concluído
A106: 46276 | B106: =IF(A106="","",PROPER(TEXT(A106,"mmmm"))) -> Setembro | C106: DELLA VOLPE | E106: =IF(C106="","",IFERROR(VLOOKUP(C106,Clientes!$C$2:$D$1000,2,FALSE),"Não definido")) -> Sim | F106: Davi / Matheus | G106: Inspeção de rotina | H106: 4 | I106: 4 | J106: =I106-H106 -> 0 | K106: =IF(H106="","",IFERROR(I106/H106,0)) -> 1 | L106: =IF(A106="","",IF(K106>=1,"Concluído",IF(K106>=0.8,"Parcial","Não executado"))) -> Concluído
A107: 46276 | B107: =IF(A107="","",PROPER(TEXT(A107,"mmmm"))) -> Setembro | C107: DINAMO ANCHIETA | E107: =IF(C107="","",IFERROR(VLOOKUP(C107,Clientes!$C$2:$D$1000,2,FALSE),"Não definido")) -> Sim | F107: Davi / Matheus | G107: Inspeção de rotina | H107: 2 | I107: 2 | J107: =I107-H107 -> 0 | K107: =IF(H107="","",IFERROR(I107/H107,0)) -> 1 | L107: =IF(A107="","",IF(K107>=1,"Concluído",IF(K107>=0.8,"Parcial","Não executado"))) -> Concluído
A108: 46276 | B108: =IF(A108="","",PROPER(TEXT(A108,"mmmm"))) -> Setembro | C108: DINAMO ALEMOA | E108: =IF(C108="","",IFERROR(VLOOKUP(C108,Clientes!$C$2:$D$1000,2,FALSE),"Não definido")) -> Sim | F108: Davi / Matheus | G108: Inspeção de rotina | H108: 2 | I108: 2 | J108: =I108-H108 -> 0 | K108: =IF(H108="","",IFERROR(I108/H108,0)) -> 1 | L108: =IF(A108="","",IF(K108>=1,"Concluído",IF(K108>=0.8,"Parcial","Não executado"))) -> Concluído
A109: 46276 | B109: =IF(A109="","",PROPER(TEXT(A109,"mmmm"))) -> Setembro | C109: EQUIPORT | D109: EQP07 | E109: =IF(C109="","",IFERROR(VLOOKUP(C109,Clientes!$C$2:$D$1000,2,FALSE),"Não definido")) -> Não | F109: Pereira | G109: Montagem dos acessórios de dentro da cabine | H109: 8 | I109: 8 | J109: =I109-H109 -> 0 | K109: =IF(H109="","",IFERROR(I109/H109,0)) -> 1 | L109: =IF(A109="","",IF(K109>=1,"Concluído",IF(K109>=0.8,"Parcial","Não executado"))) -> Concluído
A110: 46276 | B110: =IF(A110="","",PROPER(TEXT(A110,"mmmm"))) -> Setembro | C110: EQUIPORT | D110: EQP07 | E110: =IF(C110="","",IFERROR(VLOOKUP(C110,Clientes!$C$2:$D$1000,2,FALSE),"Não definido")) -> Não | F110: Galacho / Muller | G110: Montagem das bombas hidráulicas, mangueiras e agregados | H110: 8 | I110: 8 | J110: =I110-H110 -> 0 | K110: =IF(H110="","",IFERROR(I110/H110,0)) -> 1 | L110: =IF(A110="","",IF(K110>=1,"Concluído",IF(K110>=0.8,"Parcial","Não executado"))) -> Concluído
A111: 46276 | B111: =IF(A111="","",PROPER(TEXT(A111,"mmmm"))) -> Setembro | C111: EQUIPORT | E111: =IF(C111="","",IFERROR(VLOOKUP(C111,Clientes!$C$2:$D$1000,2,FALSE),"Não definido")) -> Não | F111: Décio / Danilson | G111: Término da montagem dos armários | H111: 8 | I111: 8 | J111: =I111-H111 -> 0 | K111: =IF(H111="","",IFERROR(I111/H111,0)) -> 1 | L111: =IF(A111="","",IF(K111>=1,"Concluído",IF(K111>=0.8,"Parcial","Não executado"))) -> Concluído
B112: =IF(A112="","",PROPER(TEXT(A112,"mmmm"))) | E112: =IF(C112="","",IFERROR(VLOOKUP(C112,Clientes!$C$2:$D$1000,2,FALSE),"Não definido")) | K112: =IF(H112="","",IFERROR(I112/H112,0)) | L112: =IF(A112="","",IF(K112>=1,"Concluído",IF(K112>=0.8,"Parcial","Não executado")))
B113: =IF(A113="","",PROPER(TEXT(A113,"mmmm"))) | E113: =IF(C113="","",IFERROR(VLOOKUP(C113,Clientes!$C$2:$D$1000,2,FALSE),"Não definido")) | K113: =IF(H113="","",IFERROR(I113/H113,0)) | L113: =IF(A113="","",IF(K113>=1,"Concluído",IF(K113>=0.8,"Parcial","Não executado")))
...

Sheet Clientes
C1: Área | D1: Relatório necessário?
C2: CGM LOGÍSTICA | D2: Sim
C3: DELLA VOLPE | D3: Sim
C4: DINAMO ANCHIETA | D4: Sim
C5: DINAMO ALEMOA | D5: Sim
C6: EDI AURORA | D6: Sim
C7: EQUIPORT | D7: Não
C8: ISIS PÁTIO 01 | D8: Sim
C9: ISIS PÁTIO 02 | D9: Sim
C10: LSL TRANSPORTES | D10: Sim
C11: TERRA MASTER | D11: Sim
C12: ADUKARGO | D12: Sim
... C38: NELCAR | D38: Sim

Sheet Dashboard
A1: Aderência à Programação
A2: Consolidado do período registrado | Fonte: aba Controle
A4: Horas programadas | D4: Horas executadas | G4: Aderência | J4: Horas pendentes
A5: =SUM(Controle!$H$2:$H$500000) -> 840 | D5: =SUM(Controle!$I$2:$I$500000) -> 768 | G5: =IFERROR(D5/A5,0) -> 0.91428571 | J5: =A5-D5 -> 72
A9: Indicador | B9: Horas | D9: Status | E9: Atividades
A10: Programadas | B10: =A5 -> 840 | D10: Concluídas | E10: =COUNTIF(Controle!$L$2:$L$87,"Concluído") -> 78
A11: Executadas | B11: =D5 -> 768 | D11: Não executadas | E11: =COUNTIF(Controle!$L$2:$L$87,"Não executado") -> 8
A12: Pendentes | B12: =J5 -> 72 | D12: Sem status | E12: =COUNTBLANK(Controle!$L$2:$L$87) -> 0
D13: Total | E13: =COUNTA(Controle!$A$2:$A$87) -> 86
A16: Área | B16: Horas pendentes | D16: Leitura gerencial
A17: EQUIPORT | B17: =SUMIFS(Controle!$H$2:$H$87,Controle!$C$2:$C$87,"EQUIPORT")-SUMIFS(Controle!$I$2:$I$87,Controle!$C$2:$C$87,"EQUIPORT") -> 40 | D17: A aderência é calculada em horas programadas.
A18: ISIS PÁTIO 01 | B18: =SUM(Controle!$H$8,Controle!$H$30)-SUM(Controle!$I$8,Controle!$I$30) -> 16 | D18: ="Pendência concentrada: "&TEXT(B20/A5,"0%")&" das horas programadas." -> Pendência concentrada: 8% das horas programadas.
A19: TRANSTEC | B19: =SUMIFS(Controle!$H$2:$H$87,Controle!$C$2:$C$87,"TRANSTEC")-SUMIFS(Controle!$I$2:$I$87,Controle!$C$2:$C$87,"TRANSTEC") -> 8 | D19: ="Registros sem status: "&E12 -> Registros sem status: 0
A20: Total | B20: =SUM(B17:B19) -> 64
